sqft,bedrooms,bathrooms,age,distance_km,price_lakhs
3674,2,1,18,16.3,201.27
1360,1,2,22,9.2,83.09
1794,2,1,23,2.7,121.54
1630,1,1,11,10.8,92.23
1595,4,2,12,8.5,118.57
3592,4,2,21,17.3,213.98
2138,5,4,10,15.5,151.0
2669,2,1,4,9.8,160.42
966,5,3,28,6.2,93.56
1738,2,2,0,24.7,95.96
830,5,4,23,11.9,69.61
1982,3,3,2,17.5,132.41
2635,3,1,21,4.4,160.24
3944,3,4,18,12.7,243.44
3671,3,2,22,1.7,236.24
3419,1,3,28,13.1,195.27
630,3,2,29,24.1,37.99
2185,4,1,6,10.2,156.14
3880,4,3,11,1.9,259.05
1269,1,1,14,1.7,87.81
2891,3,1,24,10.3,180.21
2015,3,4,4,4.8,157.74
3985,3,2,14,1.6,259.0
3353,5,3,7,19.1,209.23
2933,2,1,9,12.0,166.04
1715,5,1,25,7.9,118.08
1455,2,3,15,22.6,86.92
2824,3,1,7,3.8,183.76
1684,3,4,0,23.9,108.41
959,5,4,11,8.5,97.45
3885,5,4,4,22.3,234.46
521,2,4,2,15.5,49.96
2800,4,1,0,20.8,175.13
1247,2,3,3,24.6,77.11
3404,5,3,7,7.9,231.4
974,5,3,2,24.1,84.84
1582,1,3,9,10.3,101.72
3058,5,2,1,10.3,201.66
2547,1,3,10,9.2,161.99
3247,4,2,24,14.0,202.04
1475,2,2,9,4.7,107.68
2306,2,4,20,14.3,140.87
689,1,2,13,14.0,43.4
3505,2,1,6,19.3,190.33
3234,5,2,26,21.0,197.33
3505,3,4,26,11.6,219.34
1062,1,2,1,8.3,68.99
2399,2,1,8,7.2,153.94
1767,1,1,15,5.7,110.37
3379,1,1,12,2.4,197.06
2028,3,4,8,9.2,136.77
3702,5,4,19,7.5,245.38
1146,1,3,3,24.2,61.8
2568,2,4,21,14.4,164.66
3388,4,1,9,9.3,216.84
2714,1,1,25,14.9,147.76
1797,1,4,25,4.3,120.79
2935,3,2,21,11.7,184.14
1100,5,4,11,16.0,97.63
2863,4,4,16,12.7,189.32
2561,2,1,13,10.6,147.53
741,4,3,13,24.9,68.48
2541,2,1,24,22.1,127.62
3324,5,3,1,16.0,214.66
3917,2,1,20,14.7,211.02
3112,3,4,24,15.9,190.67
3445,3,1,19,5.8,210.67
1863,3,1,10,10.5,124.69
2639,3,1,15,1.9,163.17
1890,4,4,18,12.4,138.43
3503,5,4,22,14.0,219.53
1978,2,4,5,6.5,138.24
3999,2,4,23,24.1,226.48
3056,3,3,18,22.8,176.83
1275,3,3,4,18.3,90.22
534,1,2,25,13.8,34.31
2753,5,4,3,21.9,182.58
3652,4,3,14,4.1,236.13
2455,2,1,28,20.0,128.49
2085,1,4,3,4.0,144.23
3959,1,2,19,20.1,209.05
3573,2,2,9,7.6,221.78
1521,4,2,23,22.1,93.38
3961,1,1,21,23.7,205.39
3113,1,3,2,4.6,201.86
1629,5,1,25,12.1,110.47
2000,4,4,4,24.5,129.09
1202,1,2,5,12.6,74.07
2949,4,1,20,21.7,170.37
3277,2,1,21,15.1,184.76
2079,3,3,7,10.0,138.21
661,1,3,6,7.9,54.59
701,5,2,20,5.9,69.68
2481,2,1,9,19.3,135.67
1495,4,1,5,10.3,99.72
2817,2,3,13,13.3,169.12
1315,1,1,3,12.8,71.25
3842,4,1,27,14.9,220.82
955,3,1,24,21.8,48.7
1775,2,3,12,24.5,105.18
1516,1,2,19,10.8,85.25
2843,5,4,16,20.9,177.58
3267,4,2,22,19.3,189.82
837,2,4,6,14.8,62.97
1378,2,1,3,23.9,82.26
1576,3,2,28,5.8,101.33
1291,3,4,13,3.6,105.09
2764,5,3,2,21.5,180.08
1263,5,3,23,11.5,103.87
2735,1,2,4,21.3,148.86
879,1,2,15,22.4,33.37
992,5,1,25,2.5,86.81
3612,5,2,22,22.2,219.48
1680,4,1,19,11.8,112.55
2562,3,1,3,13.3,159.93
564,1,3,23,16.0,28.3
3068,3,3,29,23.2,165.47
1867,3,4,23,1.5,137.28
1652,5,3,1,12.4,121.45
2527,4,3,29,17.5,157.79
3195,2,2,17,18.3,175.73
1995,4,3,18,17.6,128.78
3634,4,4,27,4.2,225.6
1662,3,2,27,8.2,107.3
2022,4,4,18,9.6,137.56
3140,1,3,16,20.3,161.33
891,3,4,13,7.7,82.77
2198,1,2,18,6.1,142.08
918,2,1,21,24.0,48.44
2836,3,4,23,1.2,194.25
878,2,4,12,24.9,51.54
2296,3,2,11,17.2,143.77
2778,5,2,29,20.9,171.73
3565,4,4,25,8.1,228.04
2588,5,3,5,1.3,185.86
3599,2,4,20,18.7,205.01
2682,4,2,3,21.0,173.62
700,3,1,18,18.8,43.37
2363,4,1,15,4.4,142.56
1279,1,3,12,19.1,66.28
3477,4,4,3,19.5,215.51
3604,1,1,29,16.8,195.64
3619,4,4,22,19.4,216.6
1002,1,2,16,21.3,55.92
2954,2,1,22,15.7,161.7
2251,5,3,0,3.1,163.26
1304,3,2,17,12.7,85.72
2646,4,3,19,2.9,183.67
3231,5,2,16,10.8,209.15
2395,3,1,26,10.8,137.09
3273,3,3,27,2.6,206.34
2070,1,3,26,9.4,136.59
1460,2,2,14,3.7,97.09
3160,2,3,10,20.4,185.12
1985,5,2,24,23.7,110.15
3190,2,2,27,2.7,198.73
1528,4,2,21,23.9,86.5
3789,2,2,12,13.5,222.41
1002,5,1,0,8.2,84.81
3314,2,2,16,2.8,206.96
897,4,4,5,13.0,78.19
1370,1,3,3,20.1,77.45
3342,5,4,19,18.0,213.32
892,1,1,15,2.2,62.27
706,1,4,14,2.7,66.39
1538,1,3,26,10.7,91.4
2381,3,4,14,8.1,161.47
3439,3,1,5,6.6,216.45
1984,1,2,14,7.7,120.03
1363,5,4,13,20.3,96.92
3290,4,1,27,23.3,180.03
3812,4,1,10,10.7,239.3
1063,2,3,6,22.7,65.91
1520,5,3,8,8.7,118.74
595,3,4,25,12.4,55.35
2423,1,2,15,6.4,149.43
2257,2,1,4,16.4,134.95
3032,4,4,24,24.5,173.87
3978,3,1,19,15.5,224.18
2778,3,1,28,9.6,161.69
3296,1,2,9,16.5,183.58
2178,4,2,17,4.0,154.88
3742,5,4,2,22.3,236.23
1040,3,2,12,13.1,77.06
1559,1,2,10,11.8,101.86
3072,5,4,16,15.1,204.38
1683,4,2,29,16.0,105.06
2222,3,3,29,2.7,143.45
3814,5,1,21,17.4,222.92
3657,5,1,12,6.8,232.87
2319,5,1,5,18.1,153.97
3125,3,1,16,20.7,175.5
3229,3,4,26,20.3,185.05
3104,2,1,12,14.3,174.6
2097,4,1,18,13.5,132.09
3560,1,1,20,4.4,210.97
3193,5,1,18,19.6,198.85
1295,2,3,9,7.5,94.1
1551,1,1,2,12.9,92.8
2143,2,3,13,7.8,133.74
1863,3,4,25,4.2,142.62
2481,5,2,18,16.1,152.43
1854,1,1,4,2.3,127.47
2163,1,2,28,19.0,110.64
2029,1,2,4,8.6,124.18
2538,1,4,19,1.0,159.74
3919,1,2,16,13.3,232.74
1996,2,3,20,2.1,136.87
3802,5,2,9,7.6,246.0
2737,3,2,4,18.0,170.27
3796,3,2,3,2.5,239.83
1908,3,1,5,21.1,112.63
1900,3,1,25,1.1,128.46
1806,2,3,3,6.9,123.79
3180,4,3,29,18.8,194.24
3175,5,1,6,8.6,206.81
1472,1,3,6,3.4,97.71
2268,4,1,17,9.6,145.41
1782,3,4,2,7.5,134.96
3930,4,2,0,21.2,230.24
1209,5,2,23,8.5,92.52
1979,1,3,24,19.9,103.63
1934,1,1,3,22.4,108.4
1148,5,1,5,11.4,91.02
817,5,3,8,22.8,74.52
3796,3,1,21,10.1,220.19
1757,1,4,13,24.1,98.64
1183,4,2,27,3.1,92.31
1163,2,3,11,17.5,78.84
2498,2,3,27,12.9,142.02
3945,5,1,24,10.3,244.73
2131,3,3,19,16.2,132.73
1995,2,4,23,17.9,115.85
3804,1,1,24,1.1,221.47
1636,5,1,3,5.0,136.45
2353,4,1,20,18.1,140.88
2020,5,1,29,17.0,121.59
2989,4,4,23,24.2,171.13
1063,5,1,11,19.3,79.43
1791,5,3,9,23.8,120.32
3957,5,4,29,17.9,244.53
3958,4,2,21,8.2,236.14
3684,4,2,27,3.5,225.76
2136,5,3,6,19.8,150.05
3499,2,3,2,16.5,210.0
3652,3,4,22,2.2,237.59
1198,3,2,27,9.6,77.26
2660,3,2,13,24.0,145.9
501,4,2,23,13.0,51.71
1141,4,2,9,11.4,94.67
2767,2,2,15,12.0,159.34
2089,3,1,15,6.0,130.3
1354,3,3,21,9.8,95.77
2259,5,1,9,9.9,150.77
3796,4,2,24,2.3,236.32
2932,3,4,12,19.4,172.42
3974,2,4,5,11.0,241.03
2161,2,2,11,20.7,116.84
1653,3,2,8,21.4,95.06
1576,4,4,12,6.1,127.05
2207,2,1,3,16.8,129.25
3277,5,1,23,12.3,204.7
2195,2,2,10,22.1,114.96
2233,1,1,19,6.2,131.82
1939,1,4,17,17.3,123.96
2794,4,1,25,15.6,163.59
1335,3,2,10,8.1,102.33
702,4,4,24,4.3,78.93
3755,4,1,20,16.6,223.43
622,4,3,3,18.7,58.9
900,4,4,17,8.6,86.21
1266,5,4,0,16.5,109.83
793,5,3,26,10.5,76.79
2827,2,3,6,18.1,162.28
3431,1,4,5,5.8,205.71
697,4,3,14,22.4,45.59
3529,2,2,17,7.9,209.46
2430,1,2,23,9.8,143.16
3299,3,2,10,2.4,207.54
2691,5,4,19,3.7,197.08
1108,1,3,23,13.4,64.15
3772,3,3,14,7.4,232.52
1647,1,1,15,21.1,79.08
686,5,1,6,1.4,70.23
3897,5,3,20,10.1,248.36
3011,2,3,9,9.1,196.15
3920,4,3,25,1.5,250.99
2294,1,4,11,4.0,142.22
1159,1,3,23,10.9,76.37
3311,3,1,13,12.8,188.42
3502,5,4,24,10.7,220.62
2455,1,3,4,13.7,146.79
2950,5,1,25,15.3,180.5
1869,1,4,20,1.2,122.81
2486,2,3,17,12.1,150.52
2034,4,3,4,24.1,132.43
646,1,3,2,13.5,53.79
3719,5,4,22,17.3,237.74
3411,2,1,25,8.5,206.45
2234,1,1,4,19.6,125.8
2343,3,2,23,19.6,133.56
988,4,3,16,13.5,83.54
3476,1,2,18,24.4,184.53
2459,2,2,18,4.0,158.78
2163,3,1,24,1.4,143.57
3098,2,4,20,19.5,174.43
2885,2,4,11,20.4,164.65
3419,3,1,24,3.9,208.28
1140,2,4,28,7.4,83.36
2302,3,2,8,1.4,156.83
3020,1,3,0,8.0,189.62
2469,3,1,17,19.6,150.88
2698,3,3,20,13.4,157.59
1938,4,4,3,9.4,148.02
3869,3,3,9,9.9,238.99
2134,3,4,24,1.0,154.32
762,1,4,6,8.2,62.02
2287,4,2,21,16.5,140.85
2691,5,4,22,24.4,167.07
2893,1,2,0,21.3,159.55
1123,1,2,16,1.6,73.34
1516,5,2,23,22.6,95.39
1380,3,1,28,19.8,68.86
2549,2,1,28,19.7,138.12
3444,4,4,1,12.0,216.29
1827,2,2,27,10.6,115.11
2801,5,1,25,8.3,182.24
952,1,2,10,2.6,74.91
3608,1,3,8,6.5,207.62
1683,4,3,6,6.9,127.74
3562,1,3,21,12.6,209.16
2556,1,4,16,18.9,143.41
3804,4,2,16,12.4,226.55
3670,4,3,1,2.4,242.89
2182,5,1,5,24.0,134.87
3363,1,3,13,23.6,178.19
2755,1,3,5,19.8,162.93
1654,5,3,1,24.8,113.49
903,3,4,0,14.1,75.47
2699,3,1,9,24.1,144.42
2601,3,2,20,2.8,172.62
3691,5,1,4,9.8,237.95
2196,1,2,1,6.4,136.24
1127,5,4,21,5.7,92.06
1086,5,4,15,4.4,107.0
2148,3,4,24,15.9,134.03
1943,2,4,1,19.8,124.39
1945,1,2,9,14.9,122.78
603,3,3,1,4.5,69.23
753,2,2,15,20.5,41.25
3798,2,1,15,16.3,207.09
3683,4,4,18,10.3,232.44
3057,1,4,28,17.2,171.6
1996,2,1,6,7.2,128.51
598,3,2,21,9.3,60.45
2700,4,3,11,23.0,166.5
2384,1,3,23,8.0,142.65
3461,5,1,14,12.3,212.46
2419,3,3,7,22.4,146.7
1377,2,2,5,18.0,80.6
837,2,2,27,2.5,66.13
3369,3,1,26,4.5,206.93
3734,2,2,9,1.2,232.25
1456,4,4,2,16.1,107.81
2204,1,1,18,11.7,113.05
660,4,2,16,4.2,74.58
2103,2,1,6,24.0,115.98
3348,5,3,20,13.7,214.84
897,1,2,19,6.8,53.27
1800,1,4,25,13.0,114.8
1315,3,2,3,17.3,86.54
2027,3,1,13,2.8,136.48
2419,5,1,19,7.6,156.98
1915,1,2,21,20.4,91.01
1658,5,4,14,12.0,133.48
1718,3,4,23,14.1,120.3
900,3,4,7,11.4,77.69
1139,1,1,20,2.1,72.73
3604,4,2,14,5.0,228.73
3235,2,3,21,11.7,190.24
959,3,1,19,6.0,66.95
1454,3,4,27,2.2,110.57
969,4,2,13,21.2,67.42
3946,4,4,26,24.5,233.32
1545,5,3,28,20.0,102.85
3297,5,4,8,21.5,200.95
2193,2,4,7,6.8,151.42
2585,2,3,25,24.1,138.48
2777,1,2,27,5.7,169.45
3936,5,1,25,23.8,231.07
1062,3,2,16,24.9,67.95
2985,5,3,1,18.1,192.25
2299,3,4,24,24.5,142.89
3854,4,2,23,14.7,230.88
2574,5,1,29,7.2,175.46
725,4,3,2,11.5,70.26
3848,2,2,7,15.2,222.11
1297,2,1,11,2.8,94.45
2831,1,3,0,15.9,168.38
3426,5,1,9,24.5,207.7
1459,4,3,19,5.6,112.26
2004,3,4,2,20.0,136.74
952,2,2,5,22.8,59.66
3567,2,1,6,23.6,193.9
1315,3,3,19,24.0,81.2
1158,4,1,22,13.5,76.82
1046,4,1,24,24.5,70.78
1715,5,2,26,19.2,97.06
3620,5,4,17,4.9,246.28
516,1,1,10,12.4,24.68
3743,2,3,18,18.2,212.2
1743,5,3,4,6.9,138.56
2705,4,4,18,16.4,180.43
3024,3,3,10,17.0,180.46
1569,4,4,23,4.9,128.76
3944,2,3,11,14.6,225.61
3065,4,2,9,19.5,192.31
2646,1,1,7,13.0,148.76
2268,2,2,23,1.3,147.35
1560,3,1,27,1.2,106.88
2827,1,1,27,9.6,163.58
3920,2,1,8,23.2,219.5
3044,3,2,3,6.5,199.14
801,1,1,4,16.2,41.26
680,1,2,20,6.3,45.76
1106,2,4,7,8.7,82.45
3670,5,3,22,21.4,209.13
1199,1,3,8,18.5,77.85
1492,1,1,14,3.3,94.86
1639,3,2,14,11.3,107.79
690,4,3,15,1.7,84.89
2800,2,2,13,12.5,164.42
1480,2,2,7,16.9,87.12
3475,5,1,17,3.8,224.64
2506,5,3,9,7.9,172.09
1684,2,1,27,10.5,100.44
3827,5,1,19,23.1,219.3
3894,3,3,5,24.8,221.87
627,2,3,11,2.1,61.1
2565,5,4,1,19.3,173.48
2316,2,4,6,9.9,153.52
2258,4,2,15,10.4,147.11
3113,1,3,2,19.1,176.7
1069,2,4,12,23.0,65.99
1846,1,2,2,23.8,98.76
2395,5,2,26,14.9,153.1
3233,1,2,17,9.6,183.61
1125,2,4,10,19.9,79.02
3859,4,3,7,7.0,249.03
3401,5,1,5,14.5,211.14
2186,2,2,0,9.6,143.43
3509,5,4,27,16.8,218.16
654,3,4,0,6.8,64.64
3037,1,1,22,5.6,177.22
1909,3,1,7,23.0,104.5
1284,2,4,4,3.4,109.61
3675,4,3,27,13.1,221.9
3964,5,1,15,6.3,254.36
745,1,4,10,1.9,66.04
3747,5,1,4,1.9,248.55
3610,2,3,3,5.2,233.66
2000,5,2,29,21.8,120.39
2205,1,1,5,7.8,130.96
3306,2,3,13,23.8,187.85
1037,5,4,21,15.0,90.31
2390,4,1,18,11.5,148.21
2341,2,1,8,14.9,127.25
1420,2,4,11,13.4,94.57
2955,4,2,10,19.2,182.87
1024,3,4,13,7.8,83.38
3375,1,1,22,9.5,189.37
2029,3,4,15,22.5,120.81
3450,5,3,0,23.7,204.65
535,4,4,12,22.4,45.37
1184,3,1,22,11.1,81.37
519,2,4,20,19.7,25.05
2868,5,2,20,12.4,185.62
3059,5,4,29,12.9,191.73
899,3,2,12,5.9,79.11
3201,3,3,1,15.2,202.99
1471,4,2,3,5.5,116.25
2406,1,4,27,9.0,144.38
3018,3,1,5,21.5,169.16
1666,3,2,25,6.0,106.2
1615,2,3,26,2.7,120.18
3925,5,2,22,2.7,249.01
1333,1,2,26,23.6,69.93
2323,2,2,4,13.2,139.03
3274,4,3,24,10.8,207.64
2482,4,4,2,20.5,156.42
1353,3,2,0,21.1,90.21
550,3,2,3,9.0,55.12
1074,4,1,24,17.6,67.29
3761,3,3,19,19.5,220.91
1648,1,2,1,16.7,95.35
2697,3,3,25,4.6,167.67
2861,5,2,29,22.0,172.66
3117,3,4,29,13.9,182.93
3913,2,4,4,7.8,246.84
2852,1,2,2,11.2,174.98
2215,2,4,28,1.9,146.47
1181,2,2,27,4.1,88.15
1337,5,4,28,19.4,97.96
1577,1,1,8,1.0,102.86
3550,1,1,19,11.0,205.46
2991,1,1,5,13.5,164.6
3160,1,3,17,2.3,193.36
3540,1,3,5,24.4,193.39
2811,5,1,18,6.4,188.75
3624,3,3,27,8.3,226.14
2095,2,4,11,8.3,146.13
3551,1,2,24,6.5,206.52
504,3,2,10,1.0,59.62
1626,3,2,1,18.5,96.2
1719,2,1,14,24.2,82.83
1273,5,3,11,6.4,119.77
1376,4,4,11,16.9,92.82
1491,4,4,8,18.8,103.32
3431,3,1,20,21.4,195.75
3921,2,4,23,11.1,234.18
546,4,4,1,8.3,75.31
3414,3,4,21,8.8,217.02
3370,5,4,2,18.1,226.68
3483,4,3,11,20.6,211.42
3203,3,4,27,5.4,207.7
768,3,2,29,9.9,53.64
869,1,1,25,22.6,37.61
1135,5,3,15,20.4,82.96
1629,1,4,20,24.6,84.31
2193,2,3,27,19.1,127.87
2182,1,4,23,10.4,137.34
1156,1,2,25,15.2,71.28
619,4,1,29,16.9,50.78
1330,3,4,0,2.9,119.76
2310,5,4,20,14.1,150.03
1581,1,4,2,18.0,108.19
2474,5,4,19,5.0,183.56
1869,1,1,1,19.7,98.93
1240,2,1,8,15.0,80.14
616,1,2,18,23.9,20.31
2353,4,1,14,2.0,165.01
3338,3,4,17,7.4,206.83
1650,2,2,25,15.4,91.23
3964,1,2,10,8.1,235.35
2431,5,2,24,18.1,157.25
1512,2,4,22,19.2,92.95
2164,2,3,15,3.5,143.89
1581,1,4,21,13.3,86.52
1133,2,1,16,13.2,68.53
1012,5,1,4,9.9,90.85
3349,2,4,11,23.4,190.13
1619,5,4,10,20.9,116.35
1641,1,2,29,17.7,83.99
1059,3,4,14,18.1,74.82
987,2,2,26,12.1,62.74
3808,3,1,2,23.1,214.56
1396,5,2,0,17.7,112.26
3843,2,4,19,18.5,210.53
1712,4,1,28,21.7,94.69
1203,3,3,15,7.6,88.69
1970,2,2,1,20.4,117.57
1080,3,1,1,5.7,87.55
3337,2,2,2,9.3,212.69
3408,1,1,7,9.1,207.48
2794,3,1,23,24.5,146.2
3647,4,2,27,21.6,207.87
653,4,3,14,17.8,57.44
2179,5,1,6,18.4,137.38
1496,2,1,5,14.5,95.52
3657,3,1,8,23.7,203.3
3244,5,3,19,12.9,203.0
3856,3,3,27,10.1,229.76
1743,2,4,0,4.9,125.0
1592,4,2,7,19.9,110.06
3618,1,3,22,18.6,208.38
1508,4,2,22,10.2,107.12
2641,5,4,2,1.6,199.59
2273,1,2,3,21.1,126.76
1457,5,3,25,1.3,127.49
3559,2,2,24,17.9,203.47
952,1,3,14,24.3,48.02
1727,5,2,5,11.5,129.95
3459,2,3,14,6.6,216.49
2765,4,3,20,17.9,164.41
3021,2,2,2,20.6,179.7
2979,3,4,24,14.1,191.5
2888,2,1,20,24.2,157.13
1050,2,4,20,2.2,80.88
2135,3,2,13,13.1,125.15
1812,5,4,19,18.2,130.26
3825,5,3,13,21.7,228.33
2257,2,1,3,5.3,147.51
856,3,2,11,20.2,64.62
2570,3,2,16,14.3,153.01
2285,4,2,6,10.5,152.79
3069,5,1,8,4.2,207.94
2281,1,3,2,21.8,123.01
3671,5,2,27,4.8,231.06
3349,5,4,12,8.4,225.94
3751,4,2,14,8.0,233.6
3794,1,2,17,21.9,206.13
3309,4,2,18,17.1,212.1
2989,1,2,0,20.1,168.27
2131,2,3,5,7.0,139.1
3316,1,4,26,16.0,194.37
1515,4,3,26,14.7,94.84
1848,5,4,22,21.0,117.2
1015,1,2,26,22.7,42.71
3587,1,1,26,1.3,207.91
3339,3,3,1,17.2,201.51
835,5,1,23,2.2,79.93
2282,2,3,13,14.2,141.14
2805,4,2,5,7.9,192.14
996,2,3,13,8.4,76.46
1395,5,2,3,9.5,110.82
2707,1,3,20,15.9,157.88
1351,1,2,7,9.0,84.12
2187,5,2,29,18.6,127.7
2431,1,4,2,10.7,160.59
3237,1,2,18,2.6,200.92
2927,1,4,29,19.8,156.16
2068,4,2,13,7.9,141.06
1456,4,1,26,11.4,91.92
3238,3,2,19,17.5,189.62
3998,2,1,16,9.0,240.85
2136,5,1,24,2.4,154.51
1791,5,2,7,10.0,138.38
1940,5,1,23,23.7,119.16
1691,3,4,13,16.4,113.62
1566,4,3,25,17.1,108.53
784,3,2,5,16.2,63.91
2944,5,1,22,5.8,199.36
511,2,2,21,11.0,37.21
2130,1,4,15,19.0,114.16
3873,4,2,24,3.4,248.56
3824,4,2,18,7.7,239.63
3046,3,1,13,7.6,186.73
1253,4,4,18,11.4,97.83
2582,5,3,2,24.5,177.58
3274,5,3,9,2.6,223.14
3396,3,1,18,13.4,194.23
589,5,2,8,5.3,72.76
1275,2,1,27,24.3,65.57
3152,3,1,19,3.7,207.71
3517,2,1,12,10.7,208.58
2125,1,2,6,18.7,113.18
3569,2,4,13,17.9,219.47
917,1,1,8,11.1,57.82
614,1,2,26,9.3,35.52
1116,2,4,27,10.5,72.58
3767,3,1,22,7.3,228.81
1325,5,3,24,5.9,110.39
2149,5,4,27,12.6,150.5
2016,1,1,18,7.4,125.23
3646,1,4,14,7.9,215.94
912,3,4,19,16.8,74.73
3947,4,4,13,24.2,231.25
3991,2,4,23,15.5,242.53
1228,1,4,5,2.8,99.67
3848,5,4,20,2.8,252.18
3568,3,1,28,23.8,181.35
3308,2,3,3,8.1,211.56
1175,3,2,7,3.2,94.61
3965,2,4,16,15.4,232.42
2392,2,2,29,16.0,137.59
3004,1,1,8,16.6,171.15
3467,3,4,0,7.4,233.42
2739,3,3,23,1.4,175.89
3286,5,2,19,24.2,200.72
1622,5,4,24,7.0,124.81
2071,1,1,13,17.2,100.78
1477,1,3,10,18.0,80.74
1508,4,2,20,15.6,101.31
2643,5,2,2,8.5,178.97
2187,2,4,8,7.5,147.64
3210,3,3,26,15.3,191.48
3761,1,3,13,21.8,205.59
536,3,3,29,23.7,28.97
3940,3,3,8,3.5,245.05
2048,4,1,3,4.7,146.41
2826,5,3,26,23.7,159.27
2764,1,2,3,18.7,152.45
3414,3,2,27,22.2,184.19
1372,1,1,7,5.9,88.38
2321,2,2,1,15.1,141.07
1796,4,2,8,17.8,123.02
2609,2,3,28,17.3,155.95
1095,1,2,13,10.8,63.98
2403,1,1,21,1.4,156.05
1228,5,3,8,15.0,95.44
1865,3,4,23,7.1,131.22
896,3,3,22,11.8,70.87
1198,2,1,15,24.0,72.81
3590,4,3,28,10.6,218.32
2724,3,3,29,21.2,145.8
2135,5,1,16,5.5,157.88
895,2,3,15,17.1,55.04
2992,2,1,29,24.4,151.37
3804,5,1,11,3.4,241.15
575,4,4,2,1.2,78.59
764,5,2,10,11.4,69.64
3002,4,2,13,3.2,203.45
2319,5,3,17,19.0,151.35
1217,5,3,20,22.9,81.05
3282,1,4,20,11.4,198.31
3955,2,4,4,7.2,248.56
1350,5,4,15,11.4,101.84
1890,5,1,19,18.4,124.87
643,3,4,4,1.2,78.75
1384,2,4,2,15.1,104.15
3640,3,3,11,15.7,219.58
3670,2,4,0,16.3,218.33
895,3,1,20,6.8,67.04
3596,5,1,28,18.1,214.88
3495,5,3,8,3.2,234.33
3438,1,4,28,5.8,203.23
1992,3,4,8,22.1,124.23
3722,4,1,3,18.7,215.82
1667,1,4,2,1.3,120.04
3116,3,4,16,7.0,202.94
1562,3,4,1,6.1,129.7
2656,1,2,23,7.5,156.97
1565,5,3,0,6.9,130.57
1709,3,2,7,2.5,122.54
3482,5,3,12,12.0,230.79
2945,1,1,22,18.6,157.02
3794,5,4,14,15.6,237.32
1133,2,3,7,17.1,79.99
1656,4,2,11,2.9,130.0
3734,3,4,21,23.8,209.84
1738,4,1,11,21.1,105.86
1232,5,3,13,20.3,88.74
734,3,3,14,20.8,64.98
3205,5,3,14,23.4,198.25
1250,2,4,8,14.1,89.56
3135,1,2,18,5.8,188.13
3580,3,2,25,15.8,213.34
3645,2,3,19,18.8,206.4
1453,2,1,28,18.7,72.83
3039,3,1,21,13.5,181.77
3460,5,2,7,2.6,233.01
3824,2,1,20,9.9,214.59
3801,4,2,18,23.1,211.81
2042,2,3,5,15.0,136.46
1697,5,2,19,13.9,119.21
2176,5,2,24,7.5,147.63
1691,4,3,28,9.8,116.37
2717,2,1,18,22.5,148.77
1916,5,2,3,17.0,131.81
3493,3,2,22,19.9,190.69
3342,1,3,6,11.9,199.76
3181,1,1,27,16.1,174.88
1717,1,2,27,7.0,108.44
2040,2,3,3,17.9,123.22
2576,4,2,21,11.3,170.07
3736,5,4,11,11.6,244.72
1945,3,3,12,16.6,130.46
2886,3,1,2,23.5,167.6
2019,2,1,21,2.5,121.54
1888,1,1,11,20.8,107.21
2356,2,1,1,8.0,149.34
1865,4,2,23,11.7,126.22
999,4,2,1,1.5,90.02
2180,5,1,26,8.2,148.19
1010,5,1,22,13.1,82.54
3898,4,1,8,2.3,258.61
716,4,2,0,12.8,75.02
1824,4,1,7,23.3,112.83
1655,2,1,22,3.5,99.8
2327,4,4,5,19.3,154.49
3641,3,4,5,10.8,227.83
3823,1,1,21,16.7,207.0
3986,4,3,24,7.2,242.41
2310,1,1,17,4.8,137.44
2992,2,4,16,4.9,189.69
3423,1,3,28,2.7,202.08
1705,2,3,11,5.5,116.58
2714,3,1,5,16.9,161.31
590,2,4,25,22.2,37.24
1213,2,4,26,20.5,59.22
2381,5,3,7,17.4,148.39
538,4,1,18,3.7,56.76
3697,4,2,27,7.9,226.07
672,3,2,9,8.4,62.73
1152,3,4,0,7.0,96.82
1253,4,2,24,13.4,87.28
1743,5,4,28,13.9,125.12
1581,4,4,12,9.6,117.96
2183,5,4,16,9.5,163.83
3023,3,2,2,20.9,179.77
955,1,4,7,19.9,63.08
1328,3,3,13,8.4,100.1
1394,3,1,2,22.9,93.91
1884,2,1,15,23.9,101.42
2458,2,4,12,8.8,157.39
3572,2,1,19,9.5,211.06
2934,2,2,23,13.1,161.26
2496,5,2,16,23.6,152.66
2895,4,1,12,22.0,170.12
689,1,2,28,3.5,50.65
1004,3,1,5,10.4,74.07
1714,5,1,16,14.3,111.65
2031,1,1,13,13.1,110.84
3940,5,4,16,5.7,260.47
3980,5,1,29,21.6,221.81
1323,3,4,7,17.2,103.68
1428,4,1,10,21.1,76.52
1433,2,1,19,21.6,73.18
1640,4,1,27,19.0,97.65
633,3,2,0,11.5,62.05
2605,3,4,25,15.7,155.36
1184,3,4,6,4.8,108.13
3219,1,1,20,17.2,165.44
2720,4,1,20,5.3,172.91
2352,4,2,16,17.7,148.82
1314,5,2,29,6.5,107.57
1672,5,2,9,3.8,126.28
579,5,4,10,5.0,91.57
3433,3,4,21,1.0,220.23
3784,4,4,29,18.2,219.12
702,3,1,8,18.6,50.6
3311,1,4,8,13.4,195.58
1752,5,3,23,4.9,131.8
2199,3,3,4,3.0,160.72
1750,3,2,16,1.5,118.91
2182,1,4,8,5.0,136.8
2055,2,3,16,22.4,113.26
3973,4,2,23,6.8,250.54
2594,2,4,20,9.5,160.5
1756,5,1,18,3.5,139.18
3876,3,3,26,6.3,243.23
2049,1,1,6,13.5,119.51
1666,1,4,22,15.6,100.31
3986,4,3,8,6.9,256.66
1896,2,4,6,2.4,139.8
3830,4,1,12,10.4,232.04
3203,3,3,10,6.6,204.99
970,4,1,13,6.3,75.74
3518,1,4,18,24.0,180.94
1535,1,4,10,15.8,101.49
1853,5,1,12,14.4,126.62
3283,5,3,13,11.0,215.2
3331,3,1,12,11.3,201.84
1467,2,4,0,14.0,99.74
857,4,1,7,17.7,58.59
3519,3,4,11,17.9,211.75
3979,5,1,18,5.1,258.37
1167,4,3,11,13.0,85.84
872,5,3,7,10.9,71.94
1531,4,1,7,21.9,93.02
1645,2,1,28,16.2,95.05
1871,3,3,20,13.8,111.68
3223,4,4,12,3.8,213.0
589,1,3,11,15.5,41.71
3245,1,4,28,3.8,210.06
3887,4,1,15,9.1,230.57
3749,4,1,0,4.4,234.43
1039,4,4,12,17.6,83.92
3279,1,1,25,6.0,193.17
1368,1,4,6,10.4,91.74
540,4,2,27,22.5,27.79
1239,5,3,25,5.9,106.23
2446,5,2,4,13.2,169.66
3049,2,4,7,11.1,200.47
3506,3,3,24,1.4,226.83
3716,5,4,26,20.0,230.62
1724,1,3,13,2.7,116.07
1428,5,3,22,12.4,120.07
2536,2,3,29,14.5,144.99
3008,2,3,12,16.1,174.76
3279,3,4,14,17.5,208.29
3299,5,3,22,7.1,209.75
1424,1,3,16,1.2,92.24
3456,1,2,14,18.4,190.5
2081,4,1,19,13.9,130.67
3824,1,1,17,21.1,201.06
889,3,2,17,20.7,60.72
2117,3,2,1,21.2,124.55
3430,1,4,3,12.6,207.15
755,1,4,29,9.0,51.82
1208,4,4,0,20.0,88.98
2338,1,2,3,11.8,140.42
2444,4,2,17,5.4,169.4
2997,4,3,4,21.5,195.54
509,1,4,18,22.2,31.55
3371,2,4,14,12.2,192.61
1297,2,4,27,2.8,96.98
3813,4,1,7,10.3,235.3
3822,1,3,19,20.3,213.93
1376,2,4,16,22.6,83.08
1528,1,4,0,5.9,117.73
3690,1,4,11,2.6,231.89
1515,1,1,25,22.1,78.6
2324,5,1,18,10.3,152.07
873,1,2,14,14.0,53.84
3636,5,3,8,24.2,224.87
2693,4,2,6,2.6,183.73
723,2,3,1,16.6,51.99
1762,2,1,28,2.8,108.7
2724,2,4,8,10.0,170.87
2302,2,2,9,20.3,134.26
1352,2,4,1,11.4,91.11
3853,2,2,18,24.9,200.06
562,2,1,10,14.4,48.44
1740,4,1,12,8.7,117.33
3374,1,1,9,6.3,199.41
3342,3,2,13,9.4,198.38
1188,5,3,17,9.9,100.13
1984,3,2,18,2.6,133.7
2133,3,3,21,9.9,131.22
2652,1,2,8,12.1,162.32
3670,1,2,24,18.3,203.7
1010,1,1,6,16.8,56.45
884,2,4,27,18.0,61.22
904,4,4,2,1.2,108.0
3370,2,3,19,6.2,210.58
1017,4,4,5,16.9,87.05
975,4,2,26,12.6,73.1
2500,3,2,20,1.1,169.93
3256,3,1,1,20.3,187.5
2168,4,1,28,19.5,123.76
2393,4,4,5,14.2,165.83
3318,2,3,2,2.6,212.7
1960,2,4,15,19.4,116.69
3594,3,4,29,15.0,213.57
3544,1,4,7,19.8,208.61
3224,4,4,1,19.0,199.46
1213,2,2,16,20.3,72.75
582,3,3,8,13.4,58.69
1668,2,2,29,4.4,111.79
3656,4,3,11,17.1,219.63
3649,4,1,2,15.9,212.85
3004,5,4,10,18.8,197.96
2401,1,2,0,5.1,154.37
2548,5,3,22,5.7,182.52
550,3,1,12,22.4,30.07
1184,2,1,14,19.0,70.02
1216,3,4,25,22.8,80.29
1969,4,3,4,19.2,130.68
948,5,2,20,15.3,77.36
1380,5,4,29,16.7,102.67
987,5,2,16,22.3,66.52
2323,3,1,24,14.9,137.94
2581,4,2,22,16.2,165.83
3919,2,2,23,4.8,233.7
2642,2,4,24,12.4,153.53
3643,3,2,5,18.2,211.59
2074,5,4,27,7.5,141.87
2701,1,1,20,5.9,163.93
749,3,4,21,8.5,71.92
1173,3,4,10,6.8,95.35
937,4,3,17,6.2,77.7
2665,2,2,3,11.2,160.77
1270,3,1,2,22.8,73.5
3877,3,4,12,13.2,238.64
767,5,1,22,5.5,73.16
2484,5,3,8,2.8,189.77
1577,1,2,20,17.7,81.53
735,4,4,5,10.2,69.64
888,1,2,25,20.7,35.72
3537,5,3,29,16.8,215.66
1262,2,3,27,20.1,67.35
2348,5,1,11,7.5,160.28
2948,4,4,1,17.6,189.35
1123,5,1,2,7.3,103.16
3314,4,3,2,23.5,197.84
3874,4,2,27,16.3,224.82
3466,4,1,11,8.8,219.76
3778,4,1,14,7.5,230.87
1752,4,2,8,5.6,132.56
3400,2,1,22,17.7,188.12
1077,1,2,7,6.2,77.2
2622,3,4,10,15.3,161.68
934,1,2,15,7.4,70.14
2650,4,4,25,16.9,177.57
3993,2,2,26,20.6,217.54
1263,5,3,24,19.7,83.99
3285,2,3,21,19.3,185.76
3353,4,4,3,5.5,232.56
1829,2,4,27,3.1,123.0
2645,2,3,0,17.8,159.97
3345,4,4,23,9.8,215.72
1858,2,2,6,11.4,125.13
3406,3,2,1,1.7,227.27
2982,3,3,23,7.2,192.25
946,2,1,27,1.8,66.44
2517,5,2,4,22.1,161.82
1831,4,4,6,6.8,137.54
748,3,1,3,14.4,61.89
665,5,1,4,1.9,84.45
3531,2,2,23,17.0,200.37
1858,5,2,0,8.8,139.29
1519,1,1,0,22.6,79.41
1041,3,1,14,22.3,68.93
1258,2,3,19,8.8,85.78
3677,4,4,18,22.6,224.16
2628,2,3,28,24.9,141.65
2680,4,2,9,20.8,161.17
1296,2,3,27,21.3,64.7
3447,5,3,17,7.0,228.44
